{"initial_reset_timestamp": 1615414979.684716, "timestamps": [1615414983.5556438, 1615414987.5805192, 1615414991.6951902, 1615414995.4705737, 1615414999.4738653, 1615415003.3624141, 1615415007.3023975, 1615415011.1862571, 1615415015.0507274, 1615415018.8891141], "episode_lengths": [1000, 1000, 1000, 1000, 1000, 1000, 1000, 1000, 1000, 1000], "episode_rewards": [1000.0, 1000.0, 1000.0, 1000.0, 1000.0, 1000.0, 1000.0, 1000.0, 1000.0, 1000.0], "episode_types": ["t", "t", "t", "t", "t", "t", "t", "t", "t", "t"]}