{"initial_reset_timestamp": 1615409623.4782417, "timestamps": [1615409627.2570174, 1615409631.0590928, 1615409634.7163262, 1615409638.479665, 1615409642.177754, 1615409645.8608117, 1615409649.5236979, 1615409653.1959243, 1615409656.8975916, 1615409660.7278993], "episode_lengths": [1000, 1000, 1000, 1000, 1000, 1000, 1000, 1000, 1000, 1000], "episode_rewards": [1000.0, 1000.0, 1000.0, 1000.0, 1000.0, 1000.0, 1000.0, 1000.0, 1000.0, 1000.0], "episode_types": ["t", "t", "t", "t", "t", "t", "t", "t", "t", "t"]}