{"initial_reset_timestamp": 1615571289.2910495, "timestamps": [1615571313.6730359, 1615571338.0350318, 1615571362.6027572, 1615571387.0005584, 1615571411.4402697, 1615571435.8159823, 1615571460.1164653, 1615571484.4682848, 1615571508.7860293, 1615571533.2467515], "episode_lengths": [1000, 1000, 1000, 1000, 1000, 1000, 1000, 1000, 1000, 1000], "episode_rewards": [546.1563201221122, 563.0420257630385, 569.1317383311888, 589.3905077170633, 585.527263868987, 572.2362561736085, 571.0718395602536, 541.7739332433177, 612.9618485703247, 582.8426848771643], "episode_types": ["t", "t", "t", "t", "t", "t", "t", "t", "t", "t"]}