{"initial_reset_timestamp": 1614352517.8524768, "timestamps": [1614352540.4762793, 1614352563.2097561, 1614352588.6490204, 1614352614.5907874, 1614352638.7201273, 1614352661.2491705, 1614352683.7432013, 1614352706.3167026, 1614352728.7791252, 1614352751.4039602], "episode_lengths": [1000, 1000, 1000, 1000, 1000, 1000, 1000, 1000, 1000, 1000], "episode_rewards": [1862.9715453210226, 1914.9564981155804, 2059.5854633178983, 1991.1091861046668, 1995.7125236141053, 2000.3517401057056, 2037.2310466624172, 1949.3042946703013, 2012.049766382788, 1846.882909694697], "episode_types": ["t", "t", "t", "t", "t", "t", "t", "t", "t", "t"]}