{"initial_reset_timestamp": 1613076277.863988, "timestamps": [1613076284.1907835, 1613076290.1151268, 1613076298.0055645, 1613076304.2443686, 1613076313.7855098], "episode_lengths": [348, 348, 466, 367, 565], "episode_rewards": [264.1990350763681, 3.257480987225833, 268.8932450258891, 264.92202437619983, 228.35396642230677], "episode_types": ["t", "t", "t", "t", "t"]}