{"initial_reset_timestamp": 1615494042.9252326, "timestamps": [1615494057.7911396, 1615494079.6554723, 1615494101.9990468, 1615494121.8085232, 1615494144.0030067, 1615494166.1909823, 1615494188.464143, 1615494210.7390728, 1615494233.2383847, 1615494248.9419618], "episode_lengths": [661, 975, 1000, 888, 1000, 1000, 1000, 1000, 1000, 695], "episode_rewards": [1451.7365153923872, 2116.2099292331923, 2091.188520443893, 1916.2968102941493, 2267.5580449795434, 2095.048493457553, 2005.5968879872655, 2118.561410841465, 2173.817341586301, 1485.905549257514], "episode_types": ["t", "t", "t", "t", "t", "t", "t", "t", "t", "t"]}