{"initial_reset_timestamp": 1614277656.0069597, "timestamps": [1614277660.5101848, 1614277662.3137991, 1614277666.150561, 1614277669.770544, 1614277671.6383297, 1614277673.3069272, 1614277677.7604313, 1614277681.4646168, 1614277685.5345392, 1614277688.602989], "episode_lengths": [238, 101, 223, 210, 105, 93, 259, 215, 237, 178], "episode_rewards": [261.009379598971, 27.402448948832983, 276.3232426210486, 284.5226747869983, -1.0715623199067892, -117.13400584757285, 257.54046420801546, 310.63955318971, 282.43026946059786, 313.9661511789244], "episode_types": ["t", "t", "t", "t", "t", "t", "t", "t", "t", "t"]}