{"initial_reset_timestamp": 1612970853.855463, "timestamps": [1612970871.0675268, 1612970887.8680336, 1612970904.6639767, 1612970921.4642406, 1612970938.2789516], "episode_lengths": [1000, 1000, 1000, 1000, 1000], "episode_rewards": [160.02405170738444, 103.41000960516632, 73.38028057267528, 124.6429105724089, 177.67906423955841], "episode_types": ["t", "t", "t", "t", "t"]}