{"initial_reset_timestamp": 1613682836.0841475, "timestamps": [1613682838.0645335, 1613682839.4845753, 1613682840.8023672, 1613682842.0702207, 1613682843.4380052, 1613682844.68738, 1613682846.2240028, 1613682848.1586537, 1613682849.5934157, 1613682851.3946648], "episode_lengths": [88, 78, 72, 69, 75, 67, 85, 109, 79, 100], "episode_rewards": [-194.83707907509134, -31.739402678153795, -198.06891935130912, -96.25019918773154, -100.16613767922577, -95.77055992286073, -171.98172807937118, -234.17246467477534, -95.06659218568184, -183.87261907388938], "episode_types": ["t", "t", "t", "t", "t", "t", "t", "t", "t", "t"]}