{"initial_reset_timestamp": 1614533024.6045752, "timestamps": [1614533046.7440026, 1614533048.6428957, 1614533071.110913, 1614533093.4792008, 1614533115.7995846, 1614533138.062524, 1614533162.5798023, 1614533164.4580226, 1614533165.93606, 1614533167.4715881], "episode_lengths": [1000, 72, 1000, 1000, 1000, 1000, 1000, 72, 54, 56], "episode_rewards": [2256.5891780366956, 20.266271140631577, 2072.0188617775807, 2225.540233569254, 2176.3631289137, 2170.246064331567, 613.1186486596554, -28.54538799648, 33.30565286011698, 12.131873677280957], "episode_types": ["t", "t", "t", "t", "t", "t", "t", "t", "t", "t"]}