{"initial_reset_timestamp": 1614445409.8798294, "timestamps": [1614445413.9847536, 1614445415.7381396, 1614445419.4476316, 1614445423.075777, 1614445426.779886, 1614445448.5479488, 1614445450.2108734, 1614445453.7834425, 1614445454.972075, 1614445457.166193], "episode_lengths": [173, 65, 148, 148, 151, 1000, 61, 145, 42, 83], "episode_rewards": [405.2613245497518, 67.74473062064062, 283.5137300346541, 343.08740258694144, 338.8529434936701, 2695.1746582972833, 60.93482415930193, 328.58922631524774, 40.47793728639226, 109.56718994244441], "episode_types": ["t", "t", "t", "t", "t", "t", "t", "t", "t", "t"]}