{"initial_reset_timestamp": 1614286242.8115597, "timestamps": [1614286248.4737735, 1614286264.6187842, 1614286278.7819045, 1614286294.4644241, 1614286311.2617786, 1614286328.7747922, 1614286345.7739072, 1614286362.3720238, 1614286369.7447116, 1614286381.6561368], "episode_lengths": [299, 932, 817, 906, 970, 1007, 982, 958, 420, 685], "episode_rewards": [-39.01237045874703, 265.2828932992377, 112.65425614912087, 146.34707047634123, 260.0278816464851, 257.4879065849821, 259.57011324110573, 263.29782418451094, 8.441505466664296, 71.4482624273096], "episode_types": ["t", "t", "t", "t", "t", "t", "t", "t", "t", "t"]}